{"cameraMode":{"drawMode":0,"name":"Shaded","section":"Shading Mode"},"sceneLighting":true,"audioPlay":false,"sceneViewState":{"showFog":true,"showMaterialUpdate":false,"showSkybox":true,"showFlares":true,"showImageEffects":true,"showParticleSystems":true,"showVisualEffectGraphs":true,"m_FxEnabled":true},"in2DMode":false,"pivot":{"x":29.92426109313965,"y":-1.3689312934875489,"z":0.7680673599243164},"rotation":{"x":0.09026109427213669,"y":-0.43680498003959658,"z":0.04454680532217026,"w":0.8940668702125549},"size":12.996231079101563,"orthographic":false}