{"cameraMode":{"drawMode":0,"name":"Shaded","section":"Shading Mode"},"sceneLighting":true,"audioPlay":false,"sceneViewState":{"showFog":true,"showMaterialUpdate":true,"showSkybox":true,"showFlares":true,"showImageEffects":true,"showParticleSystems":true},"in2DMode":false,"pivot":{"x":39.66462707519531,"y":-19.461505889892579,"z":27.365232467651368},"rotation":{"x":0.1718321591615677,"y":0.5718793272972107,"z":-0.12369673699140549,"w":0.792699933052063},"size":60.80745315551758,"orthographic":false}