{"cameraMode":{"drawMode":0,"name":"Shaded","section":"Shading Mode"},"sceneLighting":false,"audioPlay":false,"sceneViewState":{"showFog":true,"showMaterialUpdate":false,"showSkybox":false,"showFlares":true,"showImageEffects":true,"showParticleSystems":true,"showVisualEffectGraphs":true,"m_FxEnabled":true},"in2DMode":false,"pivot":{"x":0.11794362962245941,"y":0.22727951407432557,"z":-0.013979136943817139},"rotation":{"x":0.0009196323808282614,"y":0.999363899230957,"z":-0.030294639989733697,"w":0.023058457300066949},"size":0.7206472754478455,"orthographic":false}